index	trace	layers	seed	attack	frac	name
0	blockade1	6	1	cmix	0.4	atk_blockade1_L6_s1_cmix40
1	gather	6	1	cmix	0.4	atk_gather_L6_s1_cmix40
2	blockade1	5	1	cmix	0.4	atk_blockade1_L5_s1_cmix40
3	gather	5	1	cmix	0.4	atk_gather_L5_s1_cmix40
4	blockade1	6	1	cmix	0.3	atk_blockade1_L6_s1_cmix30
5	gather	6	1	cmix	0.3	atk_gather_L6_s1_cmix30
6	blockade1	4	1	cmix	0.4	atk_blockade1_L4_s1_cmix40
7	gather	4	1	cmix	0.4	atk_gather_L4_s1_cmix40
8	blockade1	5	1	cmix	0.3	atk_blockade1_L5_s1_cmix30
9	gather	5	1	cmix	0.3	atk_gather_L5_s1_cmix30
10	blockade1	3	1	cmix	0.4	atk_blockade1_L3_s1_cmix40
11	gather	3	1	cmix	0.4	atk_gather_L3_s1_cmix40
12	blockade1	4	1	cmix	0.3	atk_blockade1_L4_s1_cmix30
13	gather	4	1	cmix	0.3	atk_gather_L4_s1_cmix30
14	blockade1	6	1	cmix	0.2	atk_blockade1_L6_s1_cmix20
15	gather	6	1	cmix	0.2	atk_gather_L6_s1_cmix20
16	blockade1	5	1	cmix	0.2	atk_blockade1_L5_s1_cmix20
17	gather	5	1	cmix	0.2	atk_gather_L5_s1_cmix20
18	blockade1	3	1	cmix	0.3	atk_blockade1_L3_s1_cmix30
19	gather	3	1	cmix	0.3	atk_gather_L3_s1_cmix30
20	blockade1	4	1	cmix	0.2	atk_blockade1_L4_s1_cmix20
21	gather	4	1	cmix	0.2	atk_gather_L4_s1_cmix20
22	blockade1	3	1	cmix	0.2	atk_blockade1_L3_s1_cmix20
23	gather	3	1	cmix	0.2	atk_gather_L3_s1_cmix20
24	blockade1	6	1	cmix	0.1	atk_blockade1_L6_s1_cmix10
25	gather	6	1	cmix	0.1	atk_gather_L6_s1_cmix10
26	blockade1	5	1	cmix	0.1	atk_blockade1_L5_s1_cmix10
27	gather	5	1	cmix	0.1	atk_gather_L5_s1_cmix10
28	blockade1	4	1	cmix	0.1	atk_blockade1_L4_s1_cmix10
29	gather	4	1	cmix	0.1	atk_gather_L4_s1_cmix10
30	blockade1	3	1	cmix	0.1	atk_blockade1_L3_s1_cmix10
31	gather	3	1	cmix	0.1	atk_gather_L3_s1_cmix10
32	blockade1	6	1	drop	0.0	atk_blockade1_L6_s1_ctl
33	blockade1	6	1	drop	0.1	atk_blockade1_L6_s1_drop10
34	blockade1	6	1	drop	0.2	atk_blockade1_L6_s1_drop20
35	blockade1	6	1	drop	0.3	atk_blockade1_L6_s1_drop30
36	blockade1	6	1	drop	0.4	atk_blockade1_L6_s1_drop40
37	gather	6	1	drop	0.0	atk_gather_L6_s1_ctl
38	gather	6	1	drop	0.1	atk_gather_L6_s1_drop10
39	gather	6	1	drop	0.2	atk_gather_L6_s1_drop20
40	gather	6	1	drop	0.3	atk_gather_L6_s1_drop30
41	gather	6	1	drop	0.4	atk_gather_L6_s1_drop40
42	blockade1	5	1	drop	0.0	atk_blockade1_L5_s1_ctl
43	blockade1	5	1	drop	0.1	atk_blockade1_L5_s1_drop10
44	blockade1	5	1	drop	0.2	atk_blockade1_L5_s1_drop20
45	blockade1	5	1	drop	0.3	atk_blockade1_L5_s1_drop30
46	blockade1	5	1	drop	0.4	atk_blockade1_L5_s1_drop40
47	gather	5	1	drop	0.0	atk_gather_L5_s1_ctl
48	gather	5	1	drop	0.1	atk_gather_L5_s1_drop10
49	gather	5	1	drop	0.2	atk_gather_L5_s1_drop20
50	gather	5	1	drop	0.3	atk_gather_L5_s1_drop30
51	gather	5	1	drop	0.4	atk_gather_L5_s1_drop40
52	blockade1	4	1	drop	0.0	atk_blockade1_L4_s1_ctl
53	blockade1	4	1	drop	0.1	atk_blockade1_L4_s1_drop10
54	blockade1	4	1	drop	0.2	atk_blockade1_L4_s1_drop20
55	blockade1	4	1	drop	0.3	atk_blockade1_L4_s1_drop30
56	blockade1	4	1	drop	0.4	atk_blockade1_L4_s1_drop40
57	gather	4	1	drop	0.0	atk_gather_L4_s1_ctl
58	gather	4	1	drop	0.1	atk_gather_L4_s1_drop10
59	gather	4	1	drop	0.2	atk_gather_L4_s1_drop20
60	gather	4	1	drop	0.3	atk_gather_L4_s1_drop30
61	gather	4	1	drop	0.4	atk_gather_L4_s1_drop40
62	blockade1	3	1	drop	0.0	atk_blockade1_L3_s1_ctl
63	blockade1	3	1	drop	0.1	atk_blockade1_L3_s1_drop10
64	blockade1	3	1	drop	0.2	atk_blockade1_L3_s1_drop20
65	blockade1	3	1	drop	0.3	atk_blockade1_L3_s1_drop30
66	blockade1	3	1	drop	0.4	atk_blockade1_L3_s1_drop40
67	gather	3	1	drop	0.0	atk_gather_L3_s1_ctl
68	gather	3	1	drop	0.1	atk_gather_L3_s1_drop10
69	gather	3	1	drop	0.2	atk_gather_L3_s1_drop20
70	gather	3	1	drop	0.3	atk_gather_L3_s1_drop30
71	gather	3	1	drop	0.4	atk_gather_L3_s1_drop40
72	blockade1	6	2	cmix	0.4	atk_blockade1_L6_s2_cmix40
73	gather	6	2	cmix	0.4	atk_gather_L6_s2_cmix40
74	blockade1	5	2	cmix	0.4	atk_blockade1_L5_s2_cmix40
75	gather	5	2	cmix	0.4	atk_gather_L5_s2_cmix40
76	blockade1	6	2	cmix	0.3	atk_blockade1_L6_s2_cmix30
77	gather	6	2	cmix	0.3	atk_gather_L6_s2_cmix30
78	blockade1	4	2	cmix	0.4	atk_blockade1_L4_s2_cmix40
79	gather	4	2	cmix	0.4	atk_gather_L4_s2_cmix40
80	blockade1	5	2	cmix	0.3	atk_blockade1_L5_s2_cmix30
81	gather	5	2	cmix	0.3	atk_gather_L5_s2_cmix30
82	blockade1	3	2	cmix	0.4	atk_blockade1_L3_s2_cmix40
83	gather	3	2	cmix	0.4	atk_gather_L3_s2_cmix40
84	blockade1	4	2	cmix	0.3	atk_blockade1_L4_s2_cmix30
85	gather	4	2	cmix	0.3	atk_gather_L4_s2_cmix30
86	blockade1	6	2	cmix	0.2	atk_blockade1_L6_s2_cmix20
87	gather	6	2	cmix	0.2	atk_gather_L6_s2_cmix20
88	blockade1	5	2	cmix	0.2	atk_blockade1_L5_s2_cmix20
89	gather	5	2	cmix	0.2	atk_gather_L5_s2_cmix20
90	blockade1	3	2	cmix	0.3	atk_blockade1_L3_s2_cmix30
91	gather	3	2	cmix	0.3	atk_gather_L3_s2_cmix30
92	blockade1	4	2	cmix	0.2	atk_blockade1_L4_s2_cmix20
93	gather	4	2	cmix	0.2	atk_gather_L4_s2_cmix20
94	blockade1	3	2	cmix	0.2	atk_blockade1_L3_s2_cmix20
95	gather	3	2	cmix	0.2	atk_gather_L3_s2_cmix20
96	blockade1	6	2	cmix	0.1	atk_blockade1_L6_s2_cmix10
97	gather	6	2	cmix	0.1	atk_gather_L6_s2_cmix10
98	blockade1	5	2	cmix	0.1	atk_blockade1_L5_s2_cmix10
99	gather	5	2	cmix	0.1	atk_gather_L5_s2_cmix10
100	blockade1	4	2	cmix	0.1	atk_blockade1_L4_s2_cmix10
101	gather	4	2	cmix	0.1	atk_gather_L4_s2_cmix10
102	blockade1	3	2	cmix	0.1	atk_blockade1_L3_s2_cmix10
103	gather	3	2	cmix	0.1	atk_gather_L3_s2_cmix10
104	blockade1	6	2	drop	0.0	atk_blockade1_L6_s2_ctl
105	blockade1	6	2	drop	0.1	atk_blockade1_L6_s2_drop10
106	blockade1	6	2	drop	0.2	atk_blockade1_L6_s2_drop20
107	blockade1	6	2	drop	0.3	atk_blockade1_L6_s2_drop30
108	blockade1	6	2	drop	0.4	atk_blockade1_L6_s2_drop40
109	gather	6	2	drop	0.0	atk_gather_L6_s2_ctl
110	gather	6	2	drop	0.1	atk_gather_L6_s2_drop10
111	gather	6	2	drop	0.2	atk_gather_L6_s2_drop20
112	gather	6	2	drop	0.3	atk_gather_L6_s2_drop30
113	gather	6	2	drop	0.4	atk_gather_L6_s2_drop40
114	blockade1	5	2	drop	0.0	atk_blockade1_L5_s2_ctl
115	blockade1	5	2	drop	0.1	atk_blockade1_L5_s2_drop10
116	blockade1	5	2	drop	0.2	atk_blockade1_L5_s2_drop20
117	blockade1	5	2	drop	0.3	atk_blockade1_L5_s2_drop30
118	blockade1	5	2	drop	0.4	atk_blockade1_L5_s2_drop40
119	gather	5	2	drop	0.0	atk_gather_L5_s2_ctl
120	gather	5	2	drop	0.1	atk_gather_L5_s2_drop10
121	gather	5	2	drop	0.2	atk_gather_L5_s2_drop20
122	gather	5	2	drop	0.3	atk_gather_L5_s2_drop30
123	gather	5	2	drop	0.4	atk_gather_L5_s2_drop40
124	blockade1	4	2	drop	0.0	atk_blockade1_L4_s2_ctl
125	blockade1	4	2	drop	0.1	atk_blockade1_L4_s2_drop10
126	blockade1	4	2	drop	0.2	atk_blockade1_L4_s2_drop20
127	blockade1	4	2	drop	0.3	atk_blockade1_L4_s2_drop30
128	blockade1	4	2	drop	0.4	atk_blockade1_L4_s2_drop40
129	gather	4	2	drop	0.0	atk_gather_L4_s2_ctl
130	gather	4	2	drop	0.1	atk_gather_L4_s2_drop10
131	gather	4	2	drop	0.2	atk_gather_L4_s2_drop20
132	gather	4	2	drop	0.3	atk_gather_L4_s2_drop30
133	gather	4	2	drop	0.4	atk_gather_L4_s2_drop40
134	blockade1	3	2	drop	0.0	atk_blockade1_L3_s2_ctl
135	blockade1	3	2	drop	0.1	atk_blockade1_L3_s2_drop10
136	blockade1	3	2	drop	0.2	atk_blockade1_L3_s2_drop20
137	blockade1	3	2	drop	0.3	atk_blockade1_L3_s2_drop30
138	blockade1	3	2	drop	0.4	atk_blockade1_L3_s2_drop40
139	gather	3	2	drop	0.0	atk_gather_L3_s2_ctl
140	gather	3	2	drop	0.1	atk_gather_L3_s2_drop10
141	gather	3	2	drop	0.2	atk_gather_L3_s2_drop20
142	gather	3	2	drop	0.3	atk_gather_L3_s2_drop30
143	gather	3	2	drop	0.4	atk_gather_L3_s2_drop40
144	blockade1	6	3	cmix	0.4	atk_blockade1_L6_s3_cmix40
145	gather	6	3	cmix	0.4	atk_gather_L6_s3_cmix40
146	blockade1	5	3	cmix	0.4	atk_blockade1_L5_s3_cmix40
147	gather	5	3	cmix	0.4	atk_gather_L5_s3_cmix40
148	blockade1	6	3	cmix	0.3	atk_blockade1_L6_s3_cmix30
149	gather	6	3	cmix	0.3	atk_gather_L6_s3_cmix30
150	blockade1	4	3	cmix	0.4	atk_blockade1_L4_s3_cmix40
151	gather	4	3	cmix	0.4	atk_gather_L4_s3_cmix40
152	blockade1	5	3	cmix	0.3	atk_blockade1_L5_s3_cmix30
153	gather	5	3	cmix	0.3	atk_gather_L5_s3_cmix30
154	blockade1	3	3	cmix	0.4	atk_blockade1_L3_s3_cmix40
155	gather	3	3	cmix	0.4	atk_gather_L3_s3_cmix40
156	blockade1	4	3	cmix	0.3	atk_blockade1_L4_s3_cmix30
157	gather	4	3	cmix	0.3	atk_gather_L4_s3_cmix30
158	blockade1	6	3	cmix	0.2	atk_blockade1_L6_s3_cmix20
159	gather	6	3	cmix	0.2	atk_gather_L6_s3_cmix20
160	blockade1	5	3	cmix	0.2	atk_blockade1_L5_s3_cmix20
161	gather	5	3	cmix	0.2	atk_gather_L5_s3_cmix20
162	blockade1	3	3	cmix	0.3	atk_blockade1_L3_s3_cmix30
163	gather	3	3	cmix	0.3	atk_gather_L3_s3_cmix30
164	blockade1	4	3	cmix	0.2	atk_blockade1_L4_s3_cmix20
165	gather	4	3	cmix	0.2	atk_gather_L4_s3_cmix20
166	blockade1	3	3	cmix	0.2	atk_blockade1_L3_s3_cmix20
167	gather	3	3	cmix	0.2	atk_gather_L3_s3_cmix20
168	blockade1	6	3	cmix	0.1	atk_blockade1_L6_s3_cmix10
169	gather	6	3	cmix	0.1	atk_gather_L6_s3_cmix10
170	blockade1	5	3	cmix	0.1	atk_blockade1_L5_s3_cmix10
171	gather	5	3	cmix	0.1	atk_gather_L5_s3_cmix10
172	blockade1	4	3	cmix	0.1	atk_blockade1_L4_s3_cmix10
173	gather	4	3	cmix	0.1	atk_gather_L4_s3_cmix10
174	blockade1	3	3	cmix	0.1	atk_blockade1_L3_s3_cmix10
175	gather	3	3	cmix	0.1	atk_gather_L3_s3_cmix10
176	blockade1	6	3	drop	0.0	atk_blockade1_L6_s3_ctl
177	blockade1	6	3	drop	0.1	atk_blockade1_L6_s3_drop10
178	blockade1	6	3	drop	0.2	atk_blockade1_L6_s3_drop20
179	blockade1	6	3	drop	0.3	atk_blockade1_L6_s3_drop30
180	blockade1	6	3	drop	0.4	atk_blockade1_L6_s3_drop40
181	gather	6	3	drop	0.0	atk_gather_L6_s3_ctl
182	gather	6	3	drop	0.1	atk_gather_L6_s3_drop10
183	gather	6	3	drop	0.2	atk_gather_L6_s3_drop20
184	gather	6	3	drop	0.3	atk_gather_L6_s3_drop30
185	gather	6	3	drop	0.4	atk_gather_L6_s3_drop40
186	blockade1	5	3	drop	0.0	atk_blockade1_L5_s3_ctl
187	blockade1	5	3	drop	0.1	atk_blockade1_L5_s3_drop10
188	blockade1	5	3	drop	0.2	atk_blockade1_L5_s3_drop20
189	blockade1	5	3	drop	0.3	atk_blockade1_L5_s3_drop30
190	blockade1	5	3	drop	0.4	atk_blockade1_L5_s3_drop40
191	gather	5	3	drop	0.0	atk_gather_L5_s3_ctl
192	gather	5	3	drop	0.1	atk_gather_L5_s3_drop10
193	gather	5	3	drop	0.2	atk_gather_L5_s3_drop20
194	gather	5	3	drop	0.3	atk_gather_L5_s3_drop30
195	gather	5	3	drop	0.4	atk_gather_L5_s3_drop40
196	blockade1	4	3	drop	0.0	atk_blockade1_L4_s3_ctl
197	blockade1	4	3	drop	0.1	atk_blockade1_L4_s3_drop10
198	blockade1	4	3	drop	0.2	atk_blockade1_L4_s3_drop20
199	blockade1	4	3	drop	0.3	atk_blockade1_L4_s3_drop30
200	blockade1	4	3	drop	0.4	atk_blockade1_L4_s3_drop40
201	gather	4	3	drop	0.0	atk_gather_L4_s3_ctl
202	gather	4	3	drop	0.1	atk_gather_L4_s3_drop10
203	gather	4	3	drop	0.2	atk_gather_L4_s3_drop20
204	gather	4	3	drop	0.3	atk_gather_L4_s3_drop30
205	gather	4	3	drop	0.4	atk_gather_L4_s3_drop40
206	blockade1	3	3	drop	0.0	atk_blockade1_L3_s3_ctl
207	blockade1	3	3	drop	0.1	atk_blockade1_L3_s3_drop10
208	blockade1	3	3	drop	0.2	atk_blockade1_L3_s3_drop20
209	blockade1	3	3	drop	0.3	atk_blockade1_L3_s3_drop30
210	blockade1	3	3	drop	0.4	atk_blockade1_L3_s3_drop40
211	gather	3	3	drop	0.0	atk_gather_L3_s3_ctl
212	gather	3	3	drop	0.1	atk_gather_L3_s3_drop10
213	gather	3	3	drop	0.2	atk_gather_L3_s3_drop20
214	gather	3	3	drop	0.3	atk_gather_L3_s3_drop30
215	gather	3	3	drop	0.4	atk_gather_L3_s3_drop40
